Client Name,Client Email,Part Name,Price,Quantity,Total
Doroty Doe,doroty@example.com,some other part,20.0,10,200.0
Test Other,test@example.com,jajajjaj,10.0,1,10.0
Javier Doe,javier@example.com,jsjdjdjj,8.7,1,8.7
Jesus Doe,example@hdhdhd.com,Brakes,9.39,5,46.95
akdsadskk,,,40.0,1,40.0
akdsadskk,,,40.0,1,40.0
luihucd,dmas2,fsdjhjsfdhjk,10.0,1,10.0
luihucd2222,dmas2,fsdjhjsfdhjk,10.0,1,10.0
luihucd22222222,dmas2,fsdjhjsfdhjk,10.0,1,10.0
luihucd222222222222,dmas2,fsdjhjsfdhjk,10.0,1,10.0
luihucd222222222222,Cris,fsdjhjsfdhjk,10.0,1,10.0
,,4,0.0,1,0.0
